,SPY,IYG,50/50 SPY Port,Port
Return,0.09445684475163563,0.09132292919242624,0.06950454499676795,0.045080618465578315
Vol,0.13241641955075947,0.1833697933047394,0.07303360964142137,0.08066242205577494
Sharpe,0.713331813925291,0.4980260246062343,0.951678896031836,0.558880049924695
